,5,8,9,10,11,11,12,12,13,16,19,19,34,36,47,49,49,50,53,59,61,62,64,65,67,69,70,72,72,76,89,101,102,104,104,105,142,147,147,148,150,153,154,155,157,172,173,176,178,179,180,183,184,185,186,187,199,202,208,208
5,0.0,716.5,483.9,604.8,589.5,589.5,627.1,627.1,975.8,4589.0,4432.3,4432.3,101.7,324.0,377.4,136.5,136.5,335.1,428.1,576.6,531.6,514.4,563.7,924.6,626.5,683.0,658.6,1685.9,1685.9,1893.3,655.7,361.7,440.1,436.9,436.9,736.1,569.1,307.8,307.8,504.1,765.5,549.9,642.9,659.3,135.2,1124.1,565.3,1093.0,1832.6,1535.2,889.9,626.6,399.8,392.9,305.7,508.4,226.1,4487.4,1202.4,1202.4
8,490.2,0.0,168.8,490.8,475.5,475.5,653.3,653.3,487.4,4099.4,3942.7,3942.7,591.9,437.2,626.9,459.2,459.2,277.4,452.1,498.7,553.5,505.4,587.7,609.5,650.5,707.0,682.6,795.7,795.7,1404.1,340.6,216.4,50.1,53.2,53.2,19.6,595.7,331.9,331.9,320.5,450.4,574.0,666.9,683.3,385.4,809.1,592.0,1118.1,875.7,1046.0,432.4,652.7,423.8,276.7,419.0,532.4,263.5,4000.1,713.1,713.1
9,483.5,168.8,0.0,381.0,365.7,365.7,543.5,543.5,549.9,4268.2,3956.8,3956.8,585.2,441.4,631.1,414.4,414.4,270.7,445.5,388.9,484.2,395.6,480.6,499.7,542.8,599.3,574.9,812.7,812.7,963.5,230.8,385.3,144.8,147.9,147.9,149.2,485.9,408.1,408.1,316.9,340.6,466.8,559.2,575.6,378.7,699.3,482.2,1008.3,892.7,753.0,601.3,542.9,352.8,270.0,423.1,425.2,256.9,4017.4,597.5,597.5
10,604.4,490.8,381.0,0.0,15.3,15.3,163.2,163.2,372.2,3982.6,3825.0,3825.0,770.3,550.2,740.0,572.2,572.2,391.6,565.3,185.3,434.2,154.3,197.9,119.4,162.6,219.1,194.7,680.6,680.6,784.9,191.5,705.9,466.8,469.9,469.9,471.2,244.6,360.6,360.6,269.6,99.3,211.7,178.9,195.3,599.3,319.2,240.8,767.0,760.5,713.6,919.3,162.6,305.6,415.8,532.0,253.3,578.9,3885.7,637.6,637.6
11,589.1,475.5,365.7,15.3,0.0,0.0,178.5,178.5,387.4,3997.8,3951.8,3951.8,755.0,535.0,724.7,557.0,557.0,376.4,550.0,132.3,419.0,139.0,213.2,134.7,177.8,234.3,209.9,807.8,807.8,800.2,176.2,690.6,451.5,454.7,454.7,455.9,229.3,345.3,345.3,254.3,84.0,227.0,194.2,210.6,584.0,334.5,225.6,751.7,887.8,698.3,904.1,177.9,290.3,400.5,516.7,268.5,563.6,4012.4,622.3,622.3
11,589.1,475.5,365.7,15.3,0.0,0.0,178.5,178.5,387.4,3997.8,3951.8,3951.8,755.0,535.0,724.7,557.0,557.0,376.4,550.0,132.3,419.0,139.0,213.2,134.7,177.8,234.3,209.9,807.8,807.8,800.2,176.2,690.6,451.5,454.7,454.7,455.9,229.3,345.3,345.3,254.3,84.0,227.0,194.2,210.6,584.0,334.5,225.6,751.7,887.8,698.3,904.1,177.9,290.3,400.5,516.7,268.5,563.6,4012.4,622.3,622.3
12,627.0,653.5,543.7,163.4,178.7,178.7,0.0,0.0,443.0,4053.4,3895.3,3895.3,701.8,508.8,674.9,530.9,530.9,453.1,495.8,155.1,365.7,148.6,63.7,44.0,28.3,84.8,60.4,751.4,751.4,1157.1,312.5,868.4,629.5,632.7,632.7,633.9,233.2,319.2,319.2,332.3,203.5,77.4,44.7,61.1,762.2,185.7,270.0,698.5,831.4,698.5,1084.8,0.7,263.9,374.4,490.6,119.0,741.6,3956.0,804.0,804.0
12,627.0,653.5,543.7,163.4,178.7,178.7,0.0,0.0,443.0,4053.4,3895.3,3895.3,701.8,508.8,674.9,530.9,530.9,453.1,495.8,155.1,365.7,148.6,63.7,44.0,28.3,84.8,60.4,751.4,751.4,1157.1,312.5,868.4,629.5,632.7,632.7,633.9,233.2,319.2,319.2,332.3,203.5,77.4,44.7,61.1,762.2,185.7,270.0,698.5,831.4,698.5,1084.8,0.7,263.9,374.4,490.6,119.0,741.6,3956.0,804.0,804.0
13,974.5,486.6,550.0,372.3,387.6,387.6,442.9,442.9,0.0,3610.4,3452.3,3452.3,1076.2,932.6,1122.4,905.6,905.6,761.8,936.5,465.0,808.6,525.3,477.6,399.1,442.3,498.8,474.4,308.4,308.4,714.1,318.8,673.7,536.7,539.9,539.9,506.3,615.6,733.2,733.2,641.8,470.3,491.4,458.6,475.0,869.7,598.7,611.8,1138.0,388.4,255.5,641.8,442.3,677.8,761.0,914.4,533.0,747.9,3513.0,361.0,361.0
16,4589.7,4099.6,4161.9,3984.2,3999.4,3999.4,4156.4,4156.4,3611.8,0.0,549.6,549.6,4691.4,4596.6,4655.3,4558.8,4558.8,4377.0,4476.2,4366.2,4346.2,4304.0,4089.5,4011.0,4184.7,4241.2,4216.8,3337.3,3337.3,3286.3,3930.7,4286.7,4149.7,4152.9,4152.9,4119.3,4213.7,4558.3,4558.3,4257.2,4358.9,4103.3,4201.0,4217.4,4484.9,3981.5,4250.4,4678.9,3224.8,3411.9,3899.5,4157.0,4383.9,4376.3,4614.9,4297.9,4475.0,259.3,3520.1,3520.1
19,4427.3,3939.0,4001.5,3823.8,3839.1,3839.1,3996.2,3996.2,3451.5,507.9,0.0,0.0,4529.0,4436.5,4495.2,4563.8,4563.8,4216.4,4316.1,3916.5,4186.0,4143.8,3929.1,3850.6,4024.5,4081.0,4056.6,3178.1,3178.1,3124.1,3770.3,4126.1,3989.1,3992.2,3992.2,3958.6,4053.5,4184.7,4184.7,4095.0,3925.5,3942.9,4040.9,4057.3,4322.5,3818.6,4090.3,4518.8,3064.3,3251.5,3737.3,3996.9,4223.7,4215.7,4454.7,4137.8,4312.6,248.5,3357.8,3357.8
19,4427.3,3939.0,4001.5,3823.8,3839.1,3839.1,3996.2,3996.2,3451.5,507.9,0.0,0.0,4529.0,4436.5,4495.2,4563.8,4563.8,4216.4,4316.1,3916.5,4186.0,4143.8,3929.1,3850.6,4024.5,4081.0,4056.6,3178.1,3178.1,3124.1,3770.3,4126.1,3989.1,3992.2,3992.2,3958.6,4053.5,4184.7,4184.7,4095.0,3925.5,3942.9,4040.9,4057.3,4322.5,3818.6,4090.3,4518.8,3064.3,3251.5,3737.3,3996.9,4223.7,4215.7,4454.7,4137.8,4312.6,248.5,3357.8,3357.8
34,101.7,818.2,585.6,706.4,691.2,691.2,663.8,663.8,1077.5,4690.7,4534.0,4534.0,0.0,224.3,275.7,173.2,173.2,436.8,328.6,613.3,429.9,551.1,600.4,678.9,663.2,719.7,695.3,1787.6,1787.6,1995.0,757.4,463.3,541.8,538.6,538.6,837.8,605.8,344.5,344.5,605.8,606.1,586.6,679.6,696.0,236.9,820.6,562.8,991.3,1934.3,1636.9,991.6,663.3,436.5,315.4,206.0,545.1,327.8,4589.1,1304.1,1304.1
36,187.2,437.2,433.7,542.7,527.4,527.4,508.6,508.6,924.6,4782.4,4625.7,4625.7,216.6,0.0,189.7,91.0,91.0,151.4,309.6,458.1,344.0,395.9,445.2,523.7,508.0,564.5,540.1,1879.3,1879.3,1338.2,605.5,555.0,413.2,416.3,416.3,417.6,450.6,189.3,189.3,349.6,450.8,431.4,524.4,540.7,322.4,665.3,446.8,973.0,1312.9,1728.6,1083.3,508.1,281.3,160.2,18.2,389.9,307.5,4680.8,1395.8,1395.8
47,377.2,631.5,623.7,743.7,728.4,728.4,674.9,674.9,1114.5,4691.0,4534.3,4534.3,275.6,190.0,0.0,281.0,281.0,341.4,301.6,651.5,402.9,589.3,635.2,718.9,697.9,754.4,730.0,2063.2,2063.2,2270.5,795.5,738.9,607.5,610.6,610.6,611.8,499.0,379.3,379.3,476.2,644.3,621.4,714.3,730.7,512.4,855.3,535.8,964.3,1503.5,1912.5,1267.2,675.6,440.6,354.5,208.2,579.8,497.5,4547.6,1579.7,1579.7
49,136.1,459.2,620.0,572.2,557.0,557.0,530.6,530.6,1111.9,4725.2,4568.4,4568.4,172.8,123.8,313.5,0.0,0.0,173.4,331.6,480.1,434.6,417.9,467.2,545.7,530.0,586.5,562.1,1822.0,1822.0,2029.4,791.9,497.8,435.2,438.3,438.3,439.6,472.6,211.3,211.3,371.7,472.8,453.4,546.4,562.7,271.3,687.4,468.8,995.0,1968.7,1671.4,1026.1,530.1,303.3,182.2,105.5,411.9,362.2,4623.6,1338.6,1338.6
49,136.1,459.2,620.0,572.2,557.0,557.0,530.6,530.6,1111.9,4725.2,4568.4,4568.4,172.8,123.8,313.5,0.0,0.0,173.4,331.6,480.1,434.6,417.9,467.2,545.7,530.0,586.5,562.1,1822.0,1822.0,2029.4,791.9,497.8,435.2,438.3,438.3,439.6,472.6,211.3,211.3,371.7,472.8,453.4,546.4,562.7,271.3,687.4,468.8,995.0,1968.7,1671.4,1026.1,530.1,303.3,182.2,105.5,411.9,362.2,4623.6,1338.6,1338.6
50,357.0,277.4,270.7,391.6,376.4,376.4,452.9,452.9,761.6,4376.8,4220.1,4220.1,459.8,238.9,428.6,260.9,260.9,0.0,253.9,402.4,355.2,340.2,389.5,468.0,452.2,508.7,484.3,1073.2,1073.2,1681.5,442.6,493.9,253.4,256.5,256.5,257.8,394.8,133.6,133.6,122.2,351.3,375.7,468.6,485.0,329.7,609.6,391.0,916.6,1153.1,1323.4,709.9,452.3,225.5,78.4,220.7,334.1,276.9,4277.6,990.5,990.5
53,429.9,452.1,445.5,565.3,550.0,550.0,495.6,495.6,936.4,4511.6,4354.9,4354.9,328.2,242.6,301.3,331.6,331.6,253.9,0.0,472.2,223.6,410.0,460.1,539.6,522.9,579.4,555.0,1247.9,1247.9,1856.2,617.3,668.6,428.1,431.3,431.3,432.5,319.7,204.3,204.3,296.9,464.9,446.4,539.3,555.7,565.1,680.3,356.5,784.9,1327.8,1498.2,884.6,496.2,296.2,175.2,291.3,404.8,540.2,4368.3,1165.2,1165.2
59,576.3,498.7,388.9,147.6,132.3,132.3,310.8,310.8,518.5,4132.8,3975.0,3975.0,678.2,458.2,647.9,480.2,480.2,402.4,472.3,0.0,342.2,62.3,147.2,267.0,210.0,266.5,242.1,831.0,831.0,1034.5,199.4,713.8,474.7,477.9,477.9,479.1,152.6,268.6,268.6,177.1,48.2,133.4,226.4,242.7,711.5,367.4,148.8,675.0,911.0,721.5,927.3,310.3,213.3,323.8,439.9,91.9,586.8,4035.6,645.5,645.5
61,531.2,553.5,446.5,436.9,421.7,421.7,365.5,365.5,809.0,4381.6,4224.9,4224.9,429.6,344.0,402.7,434.6,434.6,355.2,223.6,342.1,0.0,279.9,331.6,409.5,394.4,450.9,426.5,1119.5,1119.5,1216.0,490.0,772.1,529.5,532.6,532.6,533.9,189.6,223.0,223.0,236.1,334.9,317.8,410.8,427.2,666.5,551.8,226.4,654.9,1194.1,1008.2,987.3,366.2,131.2,276.5,362.2,276.3,644.3,4238.2,904.3,904.3
62,514.0,538.5,395.6,154.3,139.0,139.0,148.3,148.3,525.2,4139.5,3981.7,3981.7,616.0,395.9,585.6,417.9,417.9,340.2,410.0,62.2,279.9,0.0,84.9,273.7,147.7,204.2,179.8,837.7,837.7,1041.3,206.1,720.5,514.4,517.6,517.6,518.8,90.3,206.3,206.3,219.4,54.9,71.2,164.1,180.5,649.2,305.1,86.5,612.7,917.7,728.3,934.0,147.8,151.0,261.5,377.7,29.6,593.5,4042.3,652.2,652.2
64,563.3,587.7,480.6,239.2,224.0,224.0,63.4,63.4,477.5,4089.6,3932.9,3932.9,600.0,445.2,634.9,467.2,467.2,389.5,460.1,147.1,331.6,84.9,0.0,78.5,62.8,119.3,94.9,922.7,922.7,889.9,291.1,805.4,563.7,566.9,566.9,568.1,139.6,255.6,255.6,268.7,139.9,13.8,79.2,95.5,698.5,220.2,135.8,662.0,1002.6,813.2,1018.9,62.9,200.3,310.8,426.9,55.3,678.4,4127.2,737.1,737.1
65,641.8,609.5,499.7,119.4,134.7,134.7,43.8,43.8,399.0,4009.4,3851.3,3851.3,678.5,523.7,713.4,545.7,545.7,468.0,538.6,111.1,409.5,163.4,78.5,0.0,43.1,99.6,75.2,707.4,707.4,1113.1,268.5,824.3,585.5,588.6,588.6,589.9,218.1,334.1,334.1,347.2,218.4,92.3,59.5,75.9,777.0,200.5,214.3,740.5,787.3,654.5,1040.8,43.2,278.8,389.3,505.5,133.8,697.6,3912.0,760.0,760.0
67,626.1,650.5,542.8,162.6,177.8,177.8,28.1,28.1,442.1,4026.9,3870.1,3870.1,662.8,508.0,697.7,530.0,530.0,452.2,522.9,209.9,394.4,147.7,62.8,43.1,0.0,56.5,32.1,750.5,750.5,1156.3,353.8,868.2,626.5,629.7,629.7,630.9,202.4,318.4,318.4,331.4,202.6,76.6,16.4,32.8,761.3,157.4,198.6,724.7,830.5,697.6,1083.9,27.5,263.0,373.6,489.7,118.1,740.7,3955.1,799.9,799.9
69,682.6,707.0,599.3,219.1,234.3,234.3,84.5,84.5,498.6,3995.1,3838.4,3838.4,719.3,564.5,754.2,586.5,586.5,508.7,579.4,266.4,574.1,204.2,119.3,99.6,56.5,0.0,24.4,807.0,807.0,795.3,410.3,924.7,683.0,686.2,686.2,687.4,258.8,374.8,374.8,387.9,259.1,133.0,40.1,23.7,817.8,125.6,255.1,781.2,773.4,754.1,1140.4,84.0,319.5,430.1,546.2,174.6,797.2,3893.5,856.4,856.4
70,658.2,682.6,574.9,194.7,209.9,209.9,60.1,60.1,474.2,3994.8,3838.0,3838.0,694.9,540.1,729.8,562.1,562.1,484.3,555.0,242.0,426.5,179.8,94.9,75.2,32.1,24.4,0.0,782.6,782.6,795.0,385.9,900.3,658.6,661.8,661.8,663.0,234.4,350.4,350.4,363.5,234.7,108.6,15.7,0.7,793.4,125.3,230.7,756.8,773.1,729.7,1116.0,59.6,295.1,405.7,521.8,150.2,772.8,3893.2,832.0,832.0
72,1251.9,764.1,827.4,649.7,665.0,665.0,720.1,720.1,276.2,3504.3,3347.6,3347.6,1428.7,1210.1,1401.8,1222.0,1222.0,1039.1,1222.7,901.9,1092.7,839.7,754.8,735.2,692.0,660.2,659.9,0.0,0.0,406.2,596.2,951.2,814.2,817.4,817.4,783.8,960.2,1010.4,1010.4,919.2,749.0,768.6,675.6,659.2,1147.1,644.2,996.9,1425.4,282.7,279.1,665.4,719.5,955.1,1065.6,1191.9,810.1,1025.2,3402.7,382.3,382.3
72,1251.9,764.1,827.4,649.7,665.0,665.0,720.1,720.1,276.2,3504.3,3347.6,3347.6,1428.7,1210.1,1401.8,1222.0,1222.0,1039.1,1222.7,901.9,1092.7,839.7,754.8,735.2,692.0,660.2,659.9,0.0,0.0,406.2,596.2,951.2,814.2,817.4,817.4,783.8,960.2,1010.4,1010.4,919.2,749.0,768.6,675.6,659.2,1147.1,644.2,996.9,1425.4,282.7,279.1,665.4,719.5,955.1,1065.6,1191.9,810.1,1025.2,3402.7,382.3,382.3
76,1388.0,899.9,963.5,784.9,800.2,800.2,855.5,855.5,661.6,3282.8,3125.0,3125.0,1489.7,1345.8,1535.6,1318.8,1318.8,1175.2,1349.9,932.0,1227.9,938.8,890.0,811.7,827.2,795.4,795.1,235.9,235.9,0.0,732.2,1087.0,949.9,953.1,953.1,919.5,1029.1,1145.6,1145.6,1055.3,883.7,903.8,810.8,794.4,1283.2,779.4,1025.3,1551.4,123.1,514.0,799.4,855.0,1091.3,1174.5,1327.6,945.3,1161.3,3185.6,620.3,620.3
89,655.7,341.0,231.2,242.1,257.3,257.3,312.6,312.6,319.0,3929.4,3817.3,3817.3,757.4,613.6,803.3,586.6,586.6,443.0,617.7,199.7,486.5,206.5,347.4,268.9,312.0,368.5,344.1,673.3,673.3,732.6,0.0,556.1,317.0,320.2,320.2,321.4,296.8,412.8,412.8,323.0,151.5,361.1,328.4,344.8,550.9,468.4,293.0,819.2,753.3,563.8,769.6,312.1,359.0,442.2,595.4,236.1,429.1,3877.9,487.8,487.8
101,301.8,229.9,223.3,545.3,530.0,530.0,707.7,707.7,714.1,4549.3,4392.6,4392.6,403.4,258.9,448.6,231.9,231.9,270.0,499.5,553.1,602.9,559.9,635.1,664.0,697.8,754.3,729.9,1646.2,1646.2,1853.5,395.1,0.0,205.9,209.1,209.1,210.3,650.2,379.2,379.2,443.4,504.9,621.3,714.2,730.6,196.2,863.5,646.4,1172.6,1792.8,1495.5,850.2,707.2,471.1,331.1,240.7,579.7,74.4,4447.7,1162.7,1162.7
102,466.1,50.1,144.8,466.8,451.5,451.5,629.2,629.2,537.5,4149.5,3992.7,3992.7,567.8,413.2,602.9,435.2,435.2,253.4,428.1,474.6,529.5,481.4,563.7,585.5,626.5,683.0,658.6,845.8,845.8,1454.2,316.6,142.3,0.0,3.2,3.2,30.4,571.7,307.9,307.9,296.4,426.4,549.9,642.9,659.3,361.3,785.0,567.9,1094.1,925.8,1096.1,482.5,628.7,399.8,252.7,394.9,508.4,239.5,4050.2,763.1,763.1
104,469.3,53.2,147.9,469.9,454.7,454.7,632.4,632.4,540.6,4152.6,3995.9,3995.9,571.0,416.3,606.1,438.3,438.3,256.5,431.3,477.8,532.6,484.6,566.9,588.6,629.7,686.2,661.8,849.0,849.0,1457.3,319.8,139.2,3.2,0.0,0.0,33.6,574.9,311.0,311.0,299.6,429.6,553.1,646.0,662.4,364.5,788.2,571.1,1097.3,928.9,1099.3,485.7,631.9,403.0,255.8,398.1,511.6,242.7,4053.4,766.3,766.3
104,469.3,53.2,147.9,469.9,454.7,454.7,632.4,632.4,540.6,4152.6,3995.9,3995.9,571.0,416.3,606.1,438.3,438.3,256.5,431.3,477.8,532.6,484.6,566.9,588.6,629.7,686.2,661.8,849.0,849.0,1457.3,319.8,139.2,3.2,0.0,0.0,33.6,574.9,311.0,311.0,299.6,429.6,553.1,646.0,662.4,364.5,788.2,571.1,1097.3,928.9,1099.3,485.7,631.9,403.0,255.8,398.1,511.6,242.7,4053.4,766.3,766.3
105,470.5,19.6,149.2,471.2,455.9,455.9,633.6,633.6,507.1,4119.0,3962.3,3962.3,572.2,417.6,607.3,439.6,439.6,257.8,432.5,479.0,533.9,485.8,568.1,589.9,630.9,687.4,663.0,815.4,815.4,1423.7,321.0,236.1,30.4,33.6,33.6,0.0,576.1,312.2,312.2,300.8,430.8,554.3,647.3,663.7,365.7,789.4,572.3,1098.5,895.3,1065.7,452.1,633.1,404.2,257.0,399.3,512.8,243.9,4019.8,732.7,732.7
142,627.4,595.7,485.9,244.6,229.3,229.3,203.0,203.0,615.5,4249.1,4092.4,4092.4,525.7,440.1,498.8,472.6,472.6,451.3,319.7,152.5,189.6,90.3,139.6,218.1,202.4,258.8,234.4,928.0,928.0,1131.5,296.4,810.8,571.7,574.9,574.9,576.1,0.0,260.9,260.9,274.0,145.2,125.8,218.7,235.1,762.6,359.7,36.8,522.4,1008.0,818.5,1024.3,202.4,227.4,372.7,432.3,84.2,683.8,4105.7,742.5,742.5
147,307.7,332.2,325.5,360.9,345.6,345.6,319.3,319.3,816.4,4431.6,4274.8,4274.8,344.5,189.6,379.3,211.6,211.6,133.9,204.6,268.8,223.3,206.6,255.9,334.4,318.6,375.1,350.7,1127.9,1127.9,1736.3,497.3,548.6,308.1,311.3,311.3,312.5,261.2,0.0,0.0,160.3,261.5,242.1,335.0,351.4,443.0,476.0,257.5,783.6,1207.9,934.8,764.6,318.7,91.9,55.2,171.4,200.5,533.8,4332.3,828.5,828.5
147,307.7,332.2,325.5,360.9,345.6,345.6,319.3,319.3,816.4,4431.6,4274.8,4274.8,344.5,189.6,379.3,211.6,211.6,133.9,204.6,268.8,223.3,206.6,255.9,334.4,318.6,375.1,350.7,1127.9,1127.9,1736.3,497.3,548.6,308.1,311.3,311.3,312.5,261.2,0.0,0.0,160.3,261.5,242.1,335.0,351.4,443.0,476.0,257.5,783.6,1207.9,934.8,764.6,318.7,91.9,55.2,171.4,200.5,533.8,4332.3,828.5,828.5
148,467.9,320.6,279.3,269.8,254.5,254.5,433.0,433.0,641.9,4420.0,4096.4,4096.4,504.6,349.8,539.5,371.8,371.8,122.3,297.1,177.2,236.2,284.4,432.7,389.2,432.3,488.8,464.4,952.3,952.3,1055.4,322.8,537.1,296.6,299.8,299.8,301.0,374.7,160.2,160.2,0.0,229.4,418.9,448.7,465.1,603.1,791.2,370.9,797.6,1032.3,844.9,753.1,432.4,104.9,121.6,331.6,377.3,408.7,4157.0,737.1,737.1
150,569.1,450.5,340.7,99.4,84.1,84.1,262.6,262.6,470.2,4084.6,3926.8,3926.8,671.0,450.9,640.7,472.9,472.9,395.2,465.0,48.2,335.0,55.0,140.0,218.8,202.7,259.2,234.8,782.8,782.8,986.3,151.2,665.6,426.5,429.7,429.7,430.9,145.3,261.3,261.3,274.4,0.0,126.2,219.1,235.5,704.3,360.1,141.5,667.7,862.8,673.3,879.1,262.0,206.0,316.5,432.7,84.6,538.6,3987.4,597.3,597.3
153,549.5,574.0,466.8,225.5,210.2,210.2,77.2,77.2,491.3,4103.4,4052.8,4052.8,586.3,431.4,621.1,453.4,453.4,375.7,446.4,133.3,317.8,71.2,13.8,92.3,76.6,133.0,108.6,908.9,908.9,903.7,277.3,791.7,549.9,553.1,553.1,554.3,125.8,241.8,241.8,254.9,126.1,0.0,92.9,109.3,684.7,233.9,122.0,648.2,988.8,799.4,1005.1,76.6,186.5,297.0,413.2,41.6,664.7,4113.5,723.4,723.4
154,642.5,666.9,559.2,178.9,194.2,194.2,44.4,44.4,458.5,4010.5,3853.8,3853.8,679.2,524.4,714.1,546.4,546.4,468.6,539.3,226.3,410.8,164.1,79.2,59.5,16.4,40.1,15.7,766.9,766.9,810.7,370.2,884.6,642.9,646.0,646.0,647.3,218.7,334.7,334.7,347.8,219.0,92.9,0.0,16.4,777.7,141.0,215.0,741.1,846.9,714.0,1100.3,43.9,279.4,389.9,506.1,134.5,757.1,3971.5,816.3,816.3
155,658.9,683.3,575.6,195.3,210.6,210.6,60.8,60.8,474.9,3994.1,3837.4,3837.4,695.6,540.7,730.5,562.7,562.7,485.0,555.7,242.7,427.2,180.5,95.5,75.9,32.8,23.7,0.7,783.3,783.3,794.3,386.6,901.0,659.3,662.4,662.4,663.7,235.1,351.1,351.1,364.2,235.4,109.3,16.4,0.0,794.1,124.6,231.3,757.5,772.4,730.4,1116.7,60.3,295.8,406.3,522.5,150.9,773.5,3892.5,832.7,832.7
157,134.8,611.3,378.7,599.3,584.0,584.0,761.9,761.9,870.6,4483.9,4327.1,4327.1,236.5,318.5,512.2,271.3,271.3,329.7,562.9,708.6,666.4,715.4,698.5,819.4,761.3,817.8,793.4,1580.7,1580.7,1788.1,550.5,256.5,334.9,331.8,331.8,631.0,703.9,442.7,442.7,498.6,660.3,684.7,777.7,794.1,0.0,1019.0,700.1,1227.8,1727.4,1430.0,784.8,761.4,534.6,387.4,300.3,643.2,120.9,4382.3,1097.3,1097.3
172,910.4,932.6,826.1,446.3,569.5,569.5,282.9,282.9,725.9,4055.9,3899.2,3899.2,808.7,723.1,781.8,812.1,812.1,734.4,602.7,492.6,472.7,430.5,346.5,326.9,311.2,367.7,343.3,1034.3,1034.3,797.9,636.6,1151.0,908.6,911.8,911.8,913.0,340.2,684.8,684.8,615.2,485.4,466.0,327.5,343.9,1045.6,0.0,376.9,805.4,776.0,981.4,1364.4,283.5,510.4,655.7,741.3,424.4,1136.5,3912.6,1082.7,1082.7
173,564.9,592.0,482.2,240.8,225.6,225.6,199.2,199.2,611.7,4285.9,4129.1,4129.1,562.4,446.8,535.6,468.8,468.8,391.0,356.5,148.7,226.4,86.5,135.8,214.3,198.6,255.1,230.7,924.2,924.2,1127.8,292.6,807.0,567.9,571.1,571.1,572.3,36.8,257.2,257.2,270.2,141.4,122.0,215.0,231.3,700.1,356.0,0.0,559.2,1004.2,814.8,1020.5,198.7,201.9,312.4,428.5,80.5,680.0,4128.8,738.7,738.7
176,1796.8,1819.1,1712.5,1332.7,1455.9,1455.9,1169.3,1169.3,1612.3,4059.9,3903.1,3903.1,1695.1,1609.5,1668.2,1698.5,1698.5,1620.8,1489.1,1379.1,1359.1,1316.9,1232.9,1213.3,1197.6,1254.1,1229.7,1705.8,1705.8,1554.4,1523.0,2037.4,1795.0,1798.2,1798.2,1799.4,1226.6,1571.2,1571.2,1501.6,1371.8,1352.4,1213.9,1230.3,1932.0,1134.8,1263.3,0.0,1593.0,1867.8,2269.3,1169.9,1396.8,1542.1,1627.8,1310.8,2022.9,3880.0,1969.1,1969.1
178,1365.7,876.2,1002.2,823.6,838.9,838.9,831.6,831.6,388.7,3223.8,3065.0,3065.0,1467.4,1384.6,1574.3,1357.5,1357.5,1153.6,1328.3,853.7,1266.6,918.2,928.7,787.8,865.9,834.2,833.8,112.8,112.8,123.6,771.0,1125.7,926.3,929.4,929.4,895.8,1008.5,1124.5,1124.5,1094.0,863.2,942.5,849.5,833.2,1260.9,818.1,1004.7,1530.9,0.0,290.0,676.3,831.1,1130.0,1152.9,1366.3,984.0,1200.0,3122.3,394.6,394.6
179,1278.1,742.8,805.4,627.7,642.9,642.9,698.3,698.3,255.3,3410.3,3252.3,3252.3,1379.8,1188.0,1377.7,1161.0,1161.0,1017.1,1191.8,720.4,1064.0,728.3,733.0,654.5,697.6,754.1,729.7,208.8,208.8,514.0,574.1,929.1,792.9,796.1,796.1,762.5,818.5,988.5,988.5,897.2,673.2,746.8,714.0,730.4,1173.3,854.0,814.8,1340.9,289.5,0.0,543.0,697.7,933.2,1016.4,1169.8,788.3,1003.2,3312.9,105.5,105.5
180,889.6,432.4,728.2,1014.0,904.1,904.1,1084.6,1084.6,641.7,3899.5,3742.8,3742.8,991.2,878.5,1068.2,891.7,891.7,709.9,884.6,927.2,986.0,934.0,1119.3,1040.8,1083.9,1140.4,1116.0,595.9,595.9,799.4,773.1,619.5,482.5,485.7,485.7,452.1,1024.3,764.3,764.3,820.0,879.0,1005.1,1100.3,1116.7,784.8,1240.1,1020.5,1546.7,675.8,486.4,0.0,1084.0,856.0,709.1,860.2,963.6,696.0,3798.7,380.7,380.7
183,626.3,652.9,543.0,162.8,178.0,178.0,0.6,0.6,442.3,4052.7,3894.7,3894.7,702.3,508.2,675.5,530.2,530.2,452.4,496.3,154.5,366.3,147.9,63.0,43.3,27.6,84.1,59.7,750.7,750.7,1156.5,311.8,867.7,628.8,632.0,632.0,633.2,233.8,318.6,318.6,331.6,202.8,76.8,44.0,60.4,761.5,185.0,270.6,699.0,830.7,697.8,1084.1,0.0,263.3,373.8,489.9,118.3,740.9,3955.3,803.3,803.3
184,399.5,423.9,315.2,305.7,290.4,290.4,263.8,263.8,677.8,4290.1,4132.3,4132.3,467.4,281.4,471.1,303.4,303.4,225.6,261.4,213.3,131.3,151.1,200.4,278.9,263.2,319.7,295.3,988.3,988.3,1091.4,358.7,640.9,399.9,403.1,403.1,404.3,205.7,91.8,91.8,104.8,206.0,186.6,279.5,295.9,534.7,420.5,202.0,728.1,1068.2,880.9,856.1,263.2,0.0,147.0,263.1,145.0,513.1,4192.9,773.1,773.1
185,278.6,277.0,270.3,390.1,374.9,374.9,374.5,374.5,761.2,4376.4,4219.6,4219.6,381.4,160.5,350.2,182.5,182.5,78.7,175.5,324.0,276.8,261.8,311.1,389.6,373.8,430.3,405.9,1072.7,1072.7,1681.1,442.1,493.4,252.9,256.1,256.1,257.3,316.4,55.2,55.2,121.7,316.7,297.3,390.2,406.6,413.8,531.2,312.7,838.2,1152.7,1323.0,709.4,373.9,147.1,0.0,142.3,255.7,365.0,4277.1,990.0,990.0
186,168.9,419.0,415.5,524.5,509.2,509.2,490.4,490.4,906.3,4764.2,4607.5,4607.5,234.8,18.2,208.0,72.8,72.8,133.2,291.3,439.9,362.2,377.7,426.9,505.5,489.7,546.2,521.8,1861.1,1861.1,1319.9,587.3,536.8,394.9,398.1,398.1,399.3,432.3,171.1,171.1,331.4,432.6,413.2,506.1,522.5,304.1,647.1,428.5,954.7,1294.7,1710.4,1065.1,489.8,263.0,142.0,0.0,371.6,289.3,4662.6,1377.6,1377.6
187,508.0,532.4,425.2,183.9,168.6,168.6,118.8,118.8,532.8,4169.1,4011.3,4011.3,544.7,389.9,579.6,411.9,411.9,334.1,404.8,91.8,276.3,29.6,55.3,133.8,118.1,174.6,150.2,867.3,867.3,1070.8,235.7,750.1,508.4,511.6,511.6,512.8,84.2,200.2,200.2,213.3,84.5,41.6,134.5,150.9,643.2,275.5,80.5,606.6,947.3,757.8,963.6,118.2,144.9,255.4,371.6,0.0,623.1,4071.9,681.8,681.8
199,226.6,264.5,257.8,579.8,564.5,564.5,742.3,742.3,748.7,4474.9,4318.2,4318.2,328.3,293.4,483.2,266.4,266.4,366.4,541.1,587.7,642.5,594.4,679.4,698.5,741.6,798.1,773.7,1571.8,1571.8,1779.2,429.6,247.5,240.4,243.6,243.6,244.8,684.7,413.7,413.7,477.9,539.4,665.6,758.0,774.4,121.9,898.1,681.0,1207.1,1718.5,1421.1,775.8,741.7,513.9,365.7,275.2,624.0,0.0,4373.3,1088.3,1088.3
202,4487.0,3998.7,4061.2,3883.5,3898.8,3898.8,4053.8,4053.8,3511.2,259.4,249.0,249.0,4588.7,4494.1,4552.8,4623.5,4623.5,4276.1,4373.7,4263.6,4243.6,4201.4,3988.8,4097.8,4082.1,4138.6,4114.2,3235.1,3235.1,3183.8,3830.0,4185.8,4048.8,4051.9,4051.9,4018.3,4111.1,4455.7,4455.7,4154.7,4256.3,4002.6,4098.5,4114.9,4382.2,3878.3,4147.9,4576.4,3122.3,3311.2,3796.9,4054.5,4281.3,4426.6,4512.3,4195.4,4372.3,0.0,3417.5,3417.5
208,1202.2,610.3,677.0,637.7,622.4,622.4,803.9,803.9,361.0,3516.9,3359.1,3359.1,1303.8,1048.2,1238.0,1070.2,1070.2,887.7,1062.5,645.5,932.2,652.3,737.2,760.1,800.0,856.5,832.1,314.2,314.2,517.8,487.5,799.5,660.4,663.6,663.6,630.0,742.6,858.6,858.6,767.6,597.3,723.5,816.4,832.8,1097.4,955.9,738.8,1265.0,394.2,105.6,410.5,803.3,803.3,887.0,1030.0,681.9,874.9,3419.7,0.0,0.0
208,1202.2,610.3,677.0,637.7,622.4,622.4,803.9,803.9,361.0,3516.9,3359.1,3359.1,1303.8,1048.2,1238.0,1070.2,1070.2,887.7,1062.5,645.5,932.2,652.3,737.2,760.1,800.0,856.5,832.1,314.2,314.2,517.8,487.5,799.5,660.4,663.6,663.6,630.0,742.6,858.6,858.6,767.6,597.3,723.5,816.4,832.8,1097.4,955.9,738.8,1265.0,394.2,105.6,410.5,803.3,803.3,887.0,1030.0,681.9,874.9,3419.7,0.0,0.0
